Month,Average Foggy days ,Wildfires,Humidity (%)
Jan,1,10,72
Feb,2,0,71
Mar,3,3,73
Apr,3,10,69
May,2,24,66
Jun,1,51,61
Jul,1,36,60
Aug,2,27,62
Sep,1,14,60
Oct,1,9,62
Nov,1,1,66
Dec,1,0,71
